engine,distribution,n_threads,n_draws,t_setup,t_sample
curand,uniform,1024,1024,0.00233307,2.743e-05
curand,uniform,1024,2048,0.00233926,4.7281e-05
curand,uniform,1024,4096,0.00233305,8.639e-05
curand,uniform,1024,8192,0.00232979,0.000165209
curand,uniform,1024,16384,0.00233423,0.000322421
curand,uniform,1024,32768,0.0023325,0.000636898
curand,uniform,1024,65536,0.00232837,0.00126722
curand,uniform,1024,131072,0.00231556,0.00222498
curand,uniform,1024,262144,0.0023184,0.00444325
curand,uniform,1024,524288,0.00232591,0.00888065
curand,uniform,1024,1048576,0.00232114,0.0177462
curand,uniform,1024,2097152,0.0023182,0.0353094
curand,uniform,2048,1024,0.00232281,2.4382e-05
curand,uniform,2048,2048,0.00229674,3.3845e-05
curand,uniform,2048,4096,0.00230176,6.1328e-05
curand,uniform,2048,8192,0.00230496,0.000116796
curand,uniform,2048,16384,0.00230971,0.000225778
curand,uniform,2048,32768,0.00230892,0.000464276
curand,uniform,2048,65536,0.00230714,0.000882741
curand,uniform,2048,131072,0.00230537,0.00175829
curand,uniform,2048,262144,0.00230111,0.00350977
curand,uniform,2048,524288,0.00230495,0.00701244
curand,uniform,2048,1048576,0.00230677,0.0140183
curand,uniform,2048,2097152,0.00230571,0.0280263
curand,uniform,4096,1024,0.00231295,2.0538e-05
curand,uniform,4096,2048,0.00231256,3.4314e-05
curand,uniform,4096,4096,0.00231573,6.2087e-05
curand,uniform,4096,8192,0.00231098,0.000116663
curand,uniform,4096,16384,0.00231349,0.000226786
curand,uniform,4096,32768,0.00230858,0.000445803
curand,uniform,4096,65536,0.00231784,0.000884648
curand,uniform,4096,131072,0.00237676,0.00176047
curand,uniform,4096,262144,0.00230956,0.00351442
curand,uniform,4096,524288,0.0023085,0.00701928
curand,uniform,4096,1048576,0.00231254,0.0140267
curand,uniform,4096,2097152,0.0023062,0.0280477
curand,uniform,8192,1024,0.00231854,2.1279e-05
curand,uniform,8192,2048,0.00231588,3.5092e-05
curand,uniform,8192,4096,0.00231928,6.2464e-05
curand,uniform,8192,8192,0.00232203,0.000119168
curand,uniform,8192,16384,0.00231564,0.000227911
curand,uniform,8192,32768,0.00232042,0.000448815
curand,uniform,8192,65536,0.00232884,0.000890132
curand,uniform,8192,131072,0.0023138,0.00176769
curand,uniform,8192,262144,0.00232373,0.00352306
curand,uniform,8192,524288,0.00231299,0.00703097
curand,uniform,8192,1048576,0.00231859,0.0140441
curand,uniform,8192,2097152,0.00231203,0.0280697
curand,uniform,16384,1024,0.00236689,3.0294e-05
curand,uniform,16384,2048,0.00235074,5.2001e-05
curand,uniform,16384,4096,0.00235949,9.5224e-05
curand,uniform,16384,8192,0.00235389,0.000182774
curand,uniform,16384,16384,0.00235484,0.000357618
curand,uniform,16384,32768,0.00236587,0.000706379
curand,uniform,16384,65536,0.00235528,0.00140331
curand,uniform,16384,131072,0.00236143,0.00279415
curand,uniform,16384,262144,0.00235938,0.00577666
curand,uniform,16384,524288,0.00236252,0.0111299
curand,uniform,16384,1048576,0.00242659,0.0239943
curand,uniform,16384,2097152,0.00235493,0.0560354
curand,uniform,32768,1024,0.00283173,4.7463e-05
curand,uniform,32768,2048,0.00286925,8.4867e-05
curand,uniform,32768,4096,0.00287376,0.000160493
curand,uniform,32768,8192,0.00281158,0.00031153
curand,uniform,32768,16384,0.00281428,0.000613597
curand,uniform,32768,32768,0.00280869,0.00121584
curand,uniform,32768,65536,0.00281084,0.00242055
curand,uniform,32768,131072,0.00281377,0.00482451
curand,uniform,32768,262144,0.00280966,0.00963806
curand,uniform,32768,524288,0.0028172,0.0192509
curand,uniform,32768,1048576,0.00281522,0.0384933
curand,uniform,32768,2097152,0.00281964,0.0843838
curand,uniform,65536,1024,0.00432362,0.000300998
curand,uniform,65536,2048,0.00419356,0.000154346
curand,uniform,65536,4096,0.00428065,0.000431024
curand,uniform,65536,8192,0.00428952,0.0010882
curand,uniform,65536,16384,0.00425582,0.00116351
curand,uniform,65536,32768,0.00423503,0.00231325
curand,uniform,65536,65536,0.00423934,0.00460982
curand,uniform,65536,131072,0.00418419,0.0092008
curand,uniform,65536,262144,0.00420654,0.018378
curand,uniform,65536,524288,0.00428614,0.0384744
curand,uniform,65536,1048576,0.0042961,0.0860383
curand,uniform,65536,2097152,0.00421484,0.163858
curand,uniform,131072,1024,0.00840951,0.000149724
curand,uniform,131072,2048,0.00839404,0.000288206
curand,uniform,131072,4096,0.00836642,0.000574644
curand,uniform,131072,8192,0.00830802,0.0011205
curand,uniform,131072,16384,0.00838025,0.0022257
curand,uniform,131072,32768,0.00836189,0.00443403
curand,uniform,131072,65536,0.00843347,0.00884909
curand,uniform,131072,131072,0.00831691,0.0176726
curand,uniform,131072,262144,0.00841341,0.03657
curand,uniform,131072,524288,0.00845071,0.0775835
curand,uniform,131072,1048576,0.00836277,0.155881
curand,uniform,131072,2097152,0.00868059,0.316442
curand,uniform,262144,1024,0.0219341,0.000276893
curand,uniform,262144,2048,0.0219401,0.000541984
curand,uniform,262144,4096,0.0219233,0.00107012
curand,uniform,262144,8192,0.0220409,0.00212532
curand,uniform,262144,16384,0.0219532,0.00423165
curand,uniform,262144,32768,0.0220128,0.00862063
curand,uniform,262144,65536,0.0219021,0.0169558
curand,uniform,262144,131072,0.0226916,0.0359708
curand,uniform,262144,262144,0.0218954,0.0751234
curand,uniform,262144,524288,0.0219358,0.150134
curand,uniform,262144,1048576,0.0218688,0.30371
curand,uniform,262144,2097152,0.0218741,0.608774
curand,uniform,524288,1024,0.607349,0.000538764
curand,uniform,524288,2048,0.602252,0.00105421
curand,uniform,524288,4096,0.60167,0.00207734
curand,uniform,524288,8192,0.660522,0.00452747
curand,uniform,524288,16384,0.680993,0.00931433
curand,uniform,524288,32768,0.602774,0.0164981
curand,uniform,524288,65536,0.605297,0.0340496
curand,uniform,524288,131072,0.610477,0.0676972
curand,uniform,524288,262144,0.60459,0.15065
curand,uniform,524288,524288,0.64818,0.333999
curand,uniform,524288,1048576,0.681348,0.675605
curand,uniform,524288,2097152,0.600012,1.20964
curand,uniform,1048576,1024,1.78663,0.00104854
curand,uniform,1048576,2048,1.78528,0.0020707
curand,uniform,1048576,4096,1.78801,0.00411561
curand,uniform,1048576,8192,1.78567,0.00819929
curand,uniform,1048576,16384,1.94335,0.0165381
curand,uniform,1048576,32768,1.83796,0.0356321
curand,uniform,1048576,65536,1.82617,0.0734505
curand,uniform,1048576,131072,1.79042,0.150779
curand,uniform,1048576,262144,1.79419,0.301011
curand,uniform,1048576,524288,1.81054,0.611207
curand,uniform,1048576,1048576,1.79531,1.24865
curand,uniform,1048576,2097152,1.82567,2.55772
curand,uniform,2097152,1024,4.23841,0.00210121
curand,uniform,2097152,2048,4.22861,0.00416649
curand,uniform,2097152,4096,4.63209,0.00829761
curand,uniform,2097152,8192,4.5756,0.0188379
curand,uniform,2097152,16384,4.64733,0.0365644
curand,uniform,2097152,32768,4.54411,0.0802151
curand,uniform,2097152,65536,4.60826,0.156577
curand,uniform,2097152,131072,4.22359,0.309452
curand,uniform,2097152,262144,4.45307,0.658925
curand,uniform,2097152,524288,4.41786,1.25095
curand,uniform,2097152,1048576,4.29034,2.50331
curand,uniform,2097152,2097152,4.29505,5.37481
dust,uniform,1024,1024,0.000258826,2.586e-05
dust,uniform,1024,2048,0.000266413,3.6259e-05
dust,uniform,1024,4096,0.000266131,5.7811e-05
dust,uniform,1024,8192,0.000259643,9.8916e-05
dust,uniform,1024,16384,0.000265249,0.000183192
dust,uniform,1024,32768,0.00027156,0.000351602
dust,uniform,1024,65536,0.000267111,0.00068856
dust,uniform,1024,131072,0.000265908,0.00136331
dust,uniform,1024,262144,0.00026499,0.00270817
dust,uniform,1024,524288,0.000313999,0.00540319
dust,uniform,1024,1048576,0.000262601,0.0107918
dust,uniform,1024,2097152,0.000267185,0.0215658
dust,uniform,2048,1024,0.000508077,2.2653e-05
dust,uniform,2048,2048,0.000522273,3.6195e-05
dust,uniform,2048,4096,0.000521289,0.000120674
dust,uniform,2048,8192,0.000523063,9.988e-05
dust,uniform,2048,16384,0.000520748,0.000181365
dust,uniform,2048,32768,0.000533173,0.000352835
dust,uniform,2048,65536,0.000519381,0.000687771
dust,uniform,2048,131072,0.000520292,0.00136425
dust,uniform,2048,262144,0.00052713,0.00334506
dust,uniform,2048,524288,0.000512351,0.00694034
dust,uniform,2048,1048576,0.000586887,0.0134536
dust,uniform,2048,2097152,0.000508173,0.026899
dust,uniform,4096,1024,0.00152866,0.000110108
dust,uniform,4096,2048,0.00102875,4.0378e-05
dust,uniform,4096,4096,0.00103167,6.8848e-05
dust,uniform,4096,8192,0.00102819,0.00012141
dust,uniform,4096,16384,0.0010276,0.000229524
dust,uniform,4096,32768,0.00102838,0.000467008
dust,uniform,4096,65536,0.00102971,0.000915596
dust,uniform,4096,131072,0.00103038,0.0018336
dust,uniform,4096,262144,0.0010275,0.00364507
dust,uniform,4096,524288,0.00100859,0.00727619
dust,uniform,4096,1048576,0.00102659,0.0146957
dust,uniform,4096,2097152,0.00103064,0.0293351
dust,uniform,8192,1024,0.00200604,3.7486e-05
dust,uniform,8192,2048,0.00204782,5.082e-05
dust,uniform,8192,4096,0.00204525,7.3636e-05
dust,uniform,8192,8192,0.00208601,0.000126777
dust,uniform,8192,16384,0.00200662,0.000309592
dust,uniform,8192,32768,0.00204589,0.000422449
dust,uniform,8192,65536,0.00210455,0.000821354
dust,uniform,8192,131072,0.00205311,0.00161423
dust,uniform,8192,262144,0.00207348,0.00320395
dust,uniform,8192,524288,0.00204425,0.00637369
dust,uniform,8192,1048576,0.0020566,0.013065
dust,uniform,8192,2097152,0.00204183,0.0253925
dust,uniform,16384,1024,0.0040528,5.9149e-05
dust,uniform,16384,2048,0.00408745,7.4708e-05
dust,uniform,16384,4096,0.00420825,0.000122662
dust,uniform,16384,8192,0.00403469,0.00020988
dust,uniform,16384,16384,0.00400057,0.000328896
dust,uniform,16384,32768,0.00403113,0.000627035
dust,uniform,16384,65536,0.00407322,0.00122627
dust,uniform,16384,131072,0.00406943,0.00241144
dust,uniform,16384,262144,0.00398874,0.00478988
dust,uniform,16384,524288,0.00407061,0.00954778
dust,uniform,16384,1048576,0.0041275,0.0190619
dust,uniform,16384,2097152,0.00415907,0.0401716
dust,uniform,32768,1024,0.00803148,0.000157498
dust,uniform,32768,2048,0.00814064,0.000122457
dust,uniform,32768,4096,0.00819017,0.00027232
dust,uniform,32768,8192,0.008139,0.000441019
dust,uniform,32768,16384,0.0080164,0.000638869
dust,uniform,32768,32768,0.00815808,0.00122422
dust,uniform,32768,65536,0.00818554,0.00240093
dust,uniform,32768,131072,0.0082111,0.00474476
dust,uniform,32768,262144,0.00809493,0.0106759
dust,uniform,32768,524288,0.00825424,0.0193627
dust,uniform,32768,1048576,0.00831375,0.0429073
dust,uniform,32768,2097152,0.0080001,0.0892356
dust,uniform,65536,1024,0.0159323,0.000167085
dust,uniform,65536,2048,0.0161285,0.000238248
dust,uniform,65536,4096,0.0161031,0.000382518
dust,uniform,65536,8192,0.0162893,0.000669367
dust,uniform,65536,16384,0.0162682,0.00130681
dust,uniform,65536,32768,0.0160758,0.0023838
dust,uniform,65536,65536,0.0164556,0.00467557
dust,uniform,65536,131072,0.0159128,0.00926345
dust,uniform,65536,262144,0.0159502,0.0186197
dust,uniform,65536,524288,0.0165738,0.0432888
dust,uniform,65536,1048576,0.0163049,0.0845196
dust,uniform,65536,2097152,0.0162549,0.163935
dust,uniform,131072,1024,0.0325272,0.000344505
dust,uniform,131072,2048,0.0326537,0.000501097
dust,uniform,131072,4096,0.0326098,0.00071493
dust,uniform,131072,8192,0.032338,0.00127106
dust,uniform,131072,16384,0.0326587,0.00247147
dust,uniform,131072,32768,0.0331187,0.00467474
dust,uniform,131072,65536,0.0328713,0.00921514
dust,uniform,131072,131072,0.0329347,0.0182977
dust,uniform,131072,262144,0.033583,0.0376806
dust,uniform,131072,524288,0.0326322,0.0858649
dust,uniform,131072,1048576,0.0328752,0.159678
dust,uniform,131072,2097152,0.0322504,0.323592
dust,uniform,262144,1024,0.0646936,0.000389481
dust,uniform,262144,2048,0.0651168,0.000714071
dust,uniform,262144,4096,0.0654359,0.00128682
dust,uniform,262144,8192,0.0655274,0.00238191
dust,uniform,262144,16384,0.0679166,0.00457188
dust,uniform,262144,32768,0.0664433,0.00895182
dust,uniform,262144,65536,0.065774,0.0196913
dust,uniform,262144,131072,0.0648872,0.0400084
dust,uniform,262144,262144,0.0655503,0.088667
dust,uniform,262144,524288,0.0643389,0.155411
dust,uniform,262144,1048576,0.0667501,0.311273
dust,uniform,262144,2097152,0.0649932,0.625569
dust,uniform,524288,1024,0.128974,0.000647371
dust,uniform,524288,2048,0.129168,0.00118162
dust,uniform,524288,4096,0.129318,0.00225765
dust,uniform,524288,8192,0.132199,0.00447531
dust,uniform,524288,16384,0.128867,0.00868978
dust,uniform,524288,32768,0.128704,0.0172691
dust,uniform,524288,65536,0.129001,0.0345117
dust,uniform,524288,131072,0.131126,0.0741717
dust,uniform,524288,262144,0.128955,0.152953
dust,uniform,524288,524288,0.129078,0.306619
dust,uniform,524288,1048576,0.129944,0.613775
dust,uniform,524288,2097152,0.132153,1.34416
dust,uniform,1048576,1024,0.258501,0.00115702
dust,uniform,1048576,2048,0.263479,0.00229414
dust,uniform,1048576,4096,0.259807,0.00441923
dust,uniform,1048576,8192,0.258645,0.00872143
dust,uniform,1048576,16384,0.264211,0.0235333
dust,uniform,1048576,32768,0.258008,0.0487931
dust,uniform,1048576,65536,0.268448,0.0968851
dust,uniform,1048576,131072,0.258814,0.150749
dust,uniform,1048576,262144,0.258183,0.303619
dust,uniform,1048576,524288,0.259024,0.613127
dust,uniform,1048576,1048576,0.257664,1.22783
dust,uniform,1048576,2097152,0.267167,2.47655
dust,uniform,2097152,1024,0.527533,0.00229795
dust,uniform,2097152,2048,0.51465,0.00442064
dust,uniform,2097152,4096,0.517464,0.0118547
dust,uniform,2097152,8192,0.526281,0.023155
dust,uniform,2097152,16384,0.515525,0.0462516
dust,uniform,2097152,32768,0.519719,0.09476
dust,uniform,2097152,65536,0.522208,0.152055
dust,uniform,2097152,131072,0.515851,0.302489
dust,uniform,2097152,262144,0.514657,0.625057
dust,uniform,2097152,524288,0.518054,1.24508
dust,uniform,2097152,1048576,0.515138,2.48793
dust,uniform,2097152,2097152,0.518052,5.10132
